<?xml version="1.0" encoding="UTF-8"?>
<!DOCTYPE plist PUBLIC "-//Apple//DTD PLIST 1.0//EN" "http://www.apple.com/DTDs/PropertyList-1.0.dtd">
<plist version="1.0">
<dict>
	<key>files</key>
	<dict>
		<key>Resources/Data/Managed/Assembly-CSharp.dll</key>
		<data>
		LN9RUn2jmun6jCUEMKIwliDC8Q0=
		</data>
		<key>Resources/Data/Managed/Mono.Security.dll</key>
		<data>
		ElGh4gyPIFmGpC0c0OCY/+tE4fw=
		</data>
		<key>Resources/Data/Managed/System.ComponentModel.Composition.dll</key>
		<data>
		y1gBqAQkJY4Ao75FJt3Cb6v49Nk=
		</data>
		<key>Resources/Data/Managed/System.Configuration.dll</key>
		<data>
		3liOY1LNC/7qPLIxN9X8wj81xIs=
		</data>
		<key>Resources/Data/Managed/System.Core.dll</key>
		<data>
		U0ty622YHqi6V7IiD/JxD/ZdrKs=
		</data>
		<key>Resources/Data/Managed/System.Data.DataSetExtensions.dll</key>
		<data>
		IAtavU8/8l88+ARc9BbZLsxaDH4=
		</data>
		<key>Resources/Data/Managed/System.Data.dll</key>
		<data>
		ww6Zw6HlWzH832fggqf0y6tu6/E=
		</data>
		<key>Resources/Data/Managed/System.Drawing.dll</key>
		<data>
		lKgEFUzoh+q+AwvsRvtB8ji+W84=
		</data>
		<key>Resources/Data/Managed/System.EnterpriseServices.dll</key>
		<data>
		lh6gUSSjb3g++XSqK6hQ7UdqRdw=
		</data>
		<key>Resources/Data/Managed/System.IO.Compression.FileSystem.dll</key>
		<data>
		hNMO/3zDFCEfrZmYyK/8M8/TKq4=
		</data>
		<key>Resources/Data/Managed/System.IO.Compression.dll</key>
		<data>
		FUpuZJG1Ykr79UVvmhE8lrgNBBI=
		</data>
		<key>Resources/Data/Managed/System.Net.Http.dll</key>
		<data>
		xEeiuuwn6gUhUeptcCLpr9XEVF4=
		</data>
		<key>Resources/Data/Managed/System.Numerics.dll</key>
		<data>
		k4fYBd/eQFo7pwdb+9WFsCv42ac=
		</data>
		<key>Resources/Data/Managed/System.Runtime.Serialization.dll</key>
		<data>
		3wwg+8wkFFfDwt9VmuczvsAUJAg=
		</data>
		<key>Resources/Data/Managed/System.Runtime.dll</key>
		<data>
		nfQKJ5UuCcPs+exjKyfhfwokuU8=
		</data>
		<key>Resources/Data/Managed/System.Security.dll</key>
		<data>
		0z10gXIIIKe9/xNnnk0stMLxrBs=
		</data>
		<key>Resources/Data/Managed/System.ServiceModel.Internals.dll</key>
		<data>
		282CAhyuM9wtVCC05zZy+/8tdD0=
		</data>
		<key>Resources/Data/Managed/System.Transactions.dll</key>
		<data>
		uEiEv+azZ8F2lp4ubRn83UIJh/Q=
		</data>
		<key>Resources/Data/Managed/System.Xml.Linq.dll</key>
		<data>
		hKJp87IBUEElb03JoDMuGalmb30=
		</data>
		<key>Resources/Data/Managed/System.Xml.dll</key>
		<data>
		6WF+xyi/T8WU6zKMzS4RuZEvVis=
		</data>
		<key>Resources/Data/Managed/System.dll</key>
		<data>
		rI2C0di0Ac8V2UZ3ct/PHH2ue34=
		</data>
		<key>Resources/Data/Managed/Unity.AI.Navigation.dll</key>
		<data>
		fop7or+so27KlFmoKw8+khP79/g=
		</data>
		<key>Resources/Data/Managed/Unity.Burst.Unsafe.dll</key>
		<data>
		OzTLs/dqc+LxRXHBBSAtxfFH2Ds=
		</data>
		<key>Resources/Data/Managed/Unity.Burst.dll</key>
		<data>
		px5fAl0TgV7z0NP0qLE/U7AdEF4=
		</data>
		<key>Resources/Data/Managed/Unity.Collections.LowLevel.ILSupport.dll</key>
		<data>
		w7u+2jlrHe6sJ0LTSG+GY4BynhE=
		</data>
		<key>Resources/Data/Managed/Unity.Collections.dll</key>
		<data>
		ze/GPTe1QooqgyrzlwGuHAzKZY8=
		</data>
		<key>Resources/Data/Managed/Unity.InputSystem.ForUI.dll</key>
		<data>
		vsHJwU1rIflqiG2eLjVPGUwSPcA=
		</data>
		<key>Resources/Data/Managed/Unity.InputSystem.dll</key>
		<data>
		w+soRbFbrsou+MmGikQWKwL0Q+0=
		</data>
		<key>Resources/Data/Managed/Unity.Mathematics.dll</key>
		<data>
		W0WnqShD4/KZU9ZQWGtHfl5xETI=
		</data>
		<key>Resources/Data/Managed/Unity.Multiplayer.Center.Common.dll</key>
		<data>
		FJ4YRmI2wYAbspu32+2D5qQrGcE=
		</data>
		<key>Resources/Data/Managed/Unity.RenderPipeline.Universal.ShaderLibrary.dll</key>
		<data>
		F+t2IFL1Z9nngDuX0lv/rRLmnDs=
		</data>
		<key>Resources/Data/Managed/Unity.RenderPipelines.Core.Runtime.Shared.dll</key>
		<data>
		E5m5cuKH5INSoFYMwe0p5urfEx0=
		</data>
		<key>Resources/Data/Managed/Unity.RenderPipelines.Core.Runtime.dll</key>
		<data>
		LTKRwnaNHDYm9+nVVAKrwUuE594=
		</data>
		<key>Resources/Data/Managed/Unity.RenderPipelines.Core.ShaderLibrary.dll</key>
		<data>
		8WdjUIYLB+svnD63Z+2x2uAw81E=
		</data>
		<key>Resources/Data/Managed/Unity.RenderPipelines.GPUDriven.Runtime.dll</key>
		<data>
		wJHGgR3KtYwYr/r25RNAjGwWU/4=
		</data>
		<key>Resources/Data/Managed/Unity.RenderPipelines.ShaderGraph.ShaderGraphLibrary.dll</key>
		<data>
		c/FjJsNkJc3X6SPJVNI9gdIJZoM=
		</data>
		<key>Resources/Data/Managed/Unity.RenderPipelines.Universal.2D.Runtime.dll</key>
		<data>
		Glmrd5VydoZHrA1HBrW8A47aGAw=
		</data>
		<key>Resources/Data/Managed/Unity.RenderPipelines.Universal.Config.Runtime.dll</key>
		<data>
		h8s3R8wYvOVmkZL4WocUg+FE6GI=
		</data>
		<key>Resources/Data/Managed/Unity.RenderPipelines.Universal.Runtime.dll</key>
		<data>
		awbBel3h0SRM73JKzBTt8TgE+KU=
		</data>
		<key>Resources/Data/Managed/Unity.RenderPipelines.Universal.Shaders.dll</key>
		<data>
		xwJyQJAu2VoUIK3MX63vB38BHWQ=
		</data>
		<key>Resources/Data/Managed/Unity.Rendering.LightTransport.Runtime.dll</key>
		<data>
		NZykZIQxGGvFTNWLaArE89sBIeo=
		</data>
		<key>Resources/Data/Managed/Unity.TextMeshPro.dll</key>
		<data>
		/kjs+de00nui7ZK15HfqlcCg9jY=
		</data>
		<key>Resources/Data/Managed/Unity.Timeline.dll</key>
		<data>
		gkowlJObt4bSFprhH/27pLpf8Ls=
		</data>
		<key>Resources/Data/Managed/Unity.VisualScripting.Antlr3.Runtime.dll</key>
		<data>
		cAegsbB3SlenkMF+DyfqCn9IQ/k=
		</data>
		<key>Resources/Data/Managed/Unity.VisualScripting.Core.dll</key>
		<data>
		LBgI3g1rsl+rqXhwg7Izvu9E0xU=
		</data>
		<key>Resources/Data/Managed/Unity.VisualScripting.Flow.dll</key>
		<data>
		r8LJYfrtSM1rd/OuSwWS6FBQRF0=
		</data>
		<key>Resources/Data/Managed/Unity.VisualScripting.State.dll</key>
		<data>
		go5nhtChe/L8/wd1RLR2QOFbMYI=
		</data>
		<key>Resources/Data/Managed/UnityEngine.AIModule.dll</key>
		<data>
		XDQf1Bp5lJyhpV8WmKjpCbK+pC0=
		</data>
		<key>Resources/Data/Managed/UnityEngine.ARModule.dll</key>
		<data>
		ZbgrfxExfDqFhT0SMmZWpHLS2UI=
		</data>
		<key>Resources/Data/Managed/UnityEngine.AccessibilityModule.dll</key>
		<data>
		BNDYrD3pLkbLlyx62UyY3OE6qho=
		</data>
		<key>Resources/Data/Managed/UnityEngine.AndroidJNIModule.dll</key>
		<data>
		sDxE0egCuqYR3m483m58Ndeaz8U=
		</data>
		<key>Resources/Data/Managed/UnityEngine.AnimationModule.dll</key>
		<data>
		cZye+yl6QmxZPwLRcgD7nRkGhqs=
		</data>
		<key>Resources/Data/Managed/UnityEngine.AssetBundleModule.dll</key>
		<data>
		SS5vv5f6GPM+Qm8egS3XYTlEKXk=
		</data>
		<key>Resources/Data/Managed/UnityEngine.AudioModule.dll</key>
		<data>
		LeWgxeINrPHz9EMXOM0eKAgp6yo=
		</data>
		<key>Resources/Data/Managed/UnityEngine.ClothModule.dll</key>
		<data>
		Hc8B3gWk5OFfSpeScqic062XljQ=
		</data>
		<key>Resources/Data/Managed/UnityEngine.ClusterInputModule.dll</key>
		<data>
		LgTqUh+whrzD7p6N6bKaAvVQEdM=
		</data>
		<key>Resources/Data/Managed/UnityEngine.ClusterRendererModule.dll</key>
		<data>
		rLRh7rGEEZoovHxlkjev9sd3C2Y=
		</data>
		<key>Resources/Data/Managed/UnityEngine.ContentLoadModule.dll</key>
		<data>
		cpVGqBCRuoo5FNPRJ3My3wFSa4M=
		</data>
		<key>Resources/Data/Managed/UnityEngine.CoreModule.dll</key>
		<data>
		9hMIrCx1gehsQ7FLbVdwR7VJ2I8=
		</data>
		<key>Resources/Data/Managed/UnityEngine.CrashReportingModule.dll</key>
		<data>
		6JAERBzw25wyHWzyLDbjYMEnW6w=
		</data>
		<key>Resources/Data/Managed/UnityEngine.DSPGraphModule.dll</key>
		<data>
		x3YOQX8W2CY/iE/OsrG2a3ZmLtM=
		</data>
		<key>Resources/Data/Managed/UnityEngine.DirectorModule.dll</key>
		<data>
		EWXVKtHTrhLUFAfVRjF6147W+2Q=
		</data>
		<key>Resources/Data/Managed/UnityEngine.GIModule.dll</key>
		<data>
		T9NUG4EoCwnJFsksqe5G8P8gZp0=
		</data>
		<key>Resources/Data/Managed/UnityEngine.GameCenterModule.dll</key>
		<data>
		bjqqrjbuGzv+F+Nr4CUqH17RU9c=
		</data>
		<key>Resources/Data/Managed/UnityEngine.GraphicsStateCollectionSerializerModule.dll</key>
		<data>
		7U1TNz2MfpvuFstK/r+o8BIdIAQ=
		</data>
		<key>Resources/Data/Managed/UnityEngine.GridModule.dll</key>
		<data>
		5+ITUfUV9LkXxgmMDCNXsa8NJrs=
		</data>
		<key>Resources/Data/Managed/UnityEngine.HierarchyCoreModule.dll</key>
		<data>
		r2LY3vYS/v+fWRuxKZck24ibDvI=
		</data>
		<key>Resources/Data/Managed/UnityEngine.HotReloadModule.dll</key>
		<data>
		bAiLp1nWCZ2ZL4nrX7xmz+bQDkM=
		</data>
		<key>Resources/Data/Managed/UnityEngine.IMGUIModule.dll</key>
		<data>
		E/vB/Wzv8WGIERiTNMXI808QqBg=
		</data>
		<key>Resources/Data/Managed/UnityEngine.ImageConversionModule.dll</key>
		<data>
		OL0tfWPsFnUUq81wdLiM0XCHiOg=
		</data>
		<key>Resources/Data/Managed/UnityEngine.InputForUIModule.dll</key>
		<data>
		0n6HQ+QO2KszCw2EjlMHZ/AZrQ0=
		</data>
		<key>Resources/Data/Managed/UnityEngine.InputLegacyModule.dll</key>
		<data>
		fSKIcMhS5aBSrnz0x2GaLBehQsk=
		</data>
		<key>Resources/Data/Managed/UnityEngine.InputModule.dll</key>
		<data>
		IY5JKu6XaUxhuOtIAXZiqz1lUbM=
		</data>
		<key>Resources/Data/Managed/UnityEngine.JSONSerializeModule.dll</key>
		<data>
		xd9276sFC3uMu6tOYDGaUvthXFs=
		</data>
		<key>Resources/Data/Managed/UnityEngine.LocalizationModule.dll</key>
		<data>
		/mc1IqpPbUz02SvmzI3QwrsSMTE=
		</data>
		<key>Resources/Data/Managed/UnityEngine.MarshallingModule.dll</key>
		<data>
		1cCI2kiNnSuyyXVTIqH1AY/PFK0=
		</data>
		<key>Resources/Data/Managed/UnityEngine.MultiplayerModule.dll</key>
		<data>
		oBo8HxPtc2UPnK0+/uSUblb/Yns=
		</data>
		<key>Resources/Data/Managed/UnityEngine.ParticleSystemModule.dll</key>
		<data>
		QLlXrTyyZbdGTcJucwVWw34jQqk=
		</data>
		<key>Resources/Data/Managed/UnityEngine.PerformanceReportingModule.dll</key>
		<data>
		0++pyd060qFRoyq0dIAteryJxm0=
		</data>
		<key>Resources/Data/Managed/UnityEngine.Physics2DModule.dll</key>
		<data>
		dQDWXYtJQT8xvOim1UWy9Xb5h+k=
		</data>
		<key>Resources/Data/Managed/UnityEngine.PhysicsModule.dll</key>
		<data>
		PKrbgeLAEw62JHbGeJeoOvQ/if0=
		</data>
		<key>Resources/Data/Managed/UnityEngine.PropertiesModule.dll</key>
		<data>
		B1s/LKlmOH/HwaJVynVBECx5/CA=
		</data>
		<key>Resources/Data/Managed/UnityEngine.RuntimeInitializeOnLoadManagerInitializerModule.dll</key>
		<data>
		FF6V5LuQG31BUgcTIZVKEWyJasQ=
		</data>
		<key>Resources/Data/Managed/UnityEngine.ScreenCaptureModule.dll</key>
		<data>
		8tTUO3HAFv+bqb3I6GvO7+8uqDE=
		</data>
		<key>Resources/Data/Managed/UnityEngine.ShaderVariantAnalyticsModule.dll</key>
		<data>
		BtAWmQwRiQeB/p94pemcZLYsWyA=
		</data>
		<key>Resources/Data/Managed/UnityEngine.SharedInternalsModule.dll</key>
		<data>
		HMN9jlz0Vk2l3IPcmB/sWGUDioU=
		</data>
		<key>Resources/Data/Managed/UnityEngine.SpriteMaskModule.dll</key>
		<data>
		SPJSgDpx58518ZapOydql8411+4=
		</data>
		<key>Resources/Data/Managed/UnityEngine.SpriteShapeModule.dll</key>
		<data>
		lDTO0UXYprtVkK9ArJ9Q1FlVaUA=
		</data>
		<key>Resources/Data/Managed/UnityEngine.StreamingModule.dll</key>
		<data>
		B7KgSpDwZ/9LneBxJUyMR7wsOlo=
		</data>
		<key>Resources/Data/Managed/UnityEngine.SubstanceModule.dll</key>
		<data>
		L0Z6CKLq2Nr7pOy9E9XvfdyCWcQ=
		</data>
		<key>Resources/Data/Managed/UnityEngine.SubsystemsModule.dll</key>
		<data>
		/OLqB1BUcg7UBdmdQAVFXQx2f6M=
		</data>
		<key>Resources/Data/Managed/UnityEngine.TLSModule.dll</key>
		<data>
		0dqM4ezkgGKbjfzPIinELUwM0G4=
		</data>
		<key>Resources/Data/Managed/UnityEngine.TerrainModule.dll</key>
		<data>
		Ts2WWqtx7mX2b2p/fVIlV4+EXIg=
		</data>
		<key>Resources/Data/Managed/UnityEngine.TerrainPhysicsModule.dll</key>
		<data>
		9hoTFSFmJu1EbZiBQ5U/6/zzUVE=
		</data>
		<key>Resources/Data/Managed/UnityEngine.TextCoreFontEngineModule.dll</key>
		<data>
		FOJjI0Xt5h+9VLipOhGaJ+i4z9A=
		</data>
		<key>Resources/Data/Managed/UnityEngine.TextCoreTextEngineModule.dll</key>
		<data>
		FtUyfEwSDv9iaSgme0oZgyvo/5g=
		</data>
		<key>Resources/Data/Managed/UnityEngine.TextRenderingModule.dll</key>
		<data>
		XwWObYac7XkKLNU2hkgp37a+gIE=
		</data>
		<key>Resources/Data/Managed/UnityEngine.TilemapModule.dll</key>
		<data>
		Nh4TeWS7yxaWHTX8DWLIxQnEwhI=
		</data>
		<key>Resources/Data/Managed/UnityEngine.UI.dll</key>
		<data>
		GlKjEZ40tEOv/u+yDS5k7KK2Dog=
		</data>
		<key>Resources/Data/Managed/UnityEngine.UIElementsModule.dll</key>
		<data>
		vijfxs9gHlRfPmuZEHH2m1WoyS0=
		</data>
		<key>Resources/Data/Managed/UnityEngine.UIModule.dll</key>
		<data>
		AF25yQTYmv3OGyArre4wF8qJWSE=
		</data>
		<key>Resources/Data/Managed/UnityEngine.UmbraModule.dll</key>
		<data>
		35RkMUXgNHDYSD8akryw/B0BK/M=
		</data>
		<key>Resources/Data/Managed/UnityEngine.UnityAnalyticsCommonModule.dll</key>
		<data>
		BMepkj3xjywAe42Dn0Sgjn6M9dg=
		</data>
		<key>Resources/Data/Managed/UnityEngine.UnityAnalyticsModule.dll</key>
		<data>
		bhQImVeNq/ZcqZh5dOrqgLOll2U=
		</data>
		<key>Resources/Data/Managed/UnityEngine.UnityConnectModule.dll</key>
		<data>
		iNAVV+UZSw/pwvVD46c3qjD9i2g=
		</data>
		<key>Resources/Data/Managed/UnityEngine.UnityCurlModule.dll</key>
		<data>
		rU9B1j86D0dITOjOheB5NK/ko68=
		</data>
		<key>Resources/Data/Managed/UnityEngine.UnityTestProtocolModule.dll</key>
		<data>
		CayzmA6WB5ku4wwJIzKdH3duJXg=
		</data>
		<key>Resources/Data/Managed/UnityEngine.UnityWebRequestAssetBundleModule.dll</key>
		<data>
		F47DFKekLVSUfz4YIkFL8P/Tp60=
		</data>
		<key>Resources/Data/Managed/UnityEngine.UnityWebRequestAudioModule.dll</key>
		<data>
		uU1bkNOhGT0y0+ge1oR/ClSXndE=
		</data>
		<key>Resources/Data/Managed/UnityEngine.UnityWebRequestModule.dll</key>
		<data>
		Lr5yIrrgH9qm1iIxh3Ya8Gk2RZs=
		</data>
		<key>Resources/Data/Managed/UnityEngine.UnityWebRequestTextureModule.dll</key>
		<data>
		JR5mgbI2TyVIIagKvyhZ8Y7ZnSI=
		</data>
		<key>Resources/Data/Managed/UnityEngine.UnityWebRequestWWWModule.dll</key>
		<data>
		l+sSMuC09xbCPQ4r09ZFaTrVM7U=
		</data>
		<key>Resources/Data/Managed/UnityEngine.VFXModule.dll</key>
		<data>
		vrfwLniGyHqRcE9n6NYSrT9GR6k=
		</data>
		<key>Resources/Data/Managed/UnityEngine.VRModule.dll</key>
		<data>
		Y7OuXHzAP3/elZ8C8r4Ei9c8rek=
		</data>
		<key>Resources/Data/Managed/UnityEngine.VehiclesModule.dll</key>
		<data>
		Q3nCQ5nVM42xxvYxOtSDxYh/plY=
		</data>
		<key>Resources/Data/Managed/UnityEngine.VideoModule.dll</key>
		<data>
		vN5gZDgLxTKuCwRFRSEjQdEjw9Q=
		</data>
		<key>Resources/Data/Managed/UnityEngine.VirtualTexturingModule.dll</key>
		<data>
		qBJaD7LBeZxQsifg07eaVuYd5y8=
		</data>
		<key>Resources/Data/Managed/UnityEngine.WindModule.dll</key>
		<data>
		9RENtoArkpAfs7Qf2ZVUylgBL0A=
		</data>
		<key>Resources/Data/Managed/UnityEngine.XRModule.dll</key>
		<data>
		zmoV8MTi479tpkLWq92ZeXdE39U=
		</data>
		<key>Resources/Data/Managed/UnityEngine.dll</key>
		<data>
		2+lxKvTywQ7LOqVNtO3HHFujb2Y=
		</data>
		<key>Resources/Data/Managed/mscorlib.dll</key>
		<data>
		7gDex16C0zVY0ChjPGED+FWbSAo=
		</data>
		<key>Resources/Data/Managed/netstandard.dll</key>
		<data>
		ZmdUTQu7ZBl0RHOuuCCoy2+KS58=
		</data>
		<key>Resources/Data/Resources/unity default resources</key>
		<data>
		bX00fnCYpDFAxsDBEL58eVzgEl0=
		</data>
		<key>Resources/Data/Resources/unity_builtin_extra</key>
		<data>
		FIdtRhnbmk7mU/9qdDy1GZd80BM=
		</data>
		<key>Resources/Data/RuntimeInitializeOnLoads.json</key>
		<data>
		niNdz0PLA/sspcjksZLwWhz/HVY=
		</data>
		<key>Resources/Data/ScriptingAssemblies.json</key>
		<data>
		/BsprfIB3tv1qOlOeamZBFSQC7w=
		</data>
		<key>Resources/Data/app.info</key>
		<data>
		spJAM/7C3tcwXYV+rqCrEqMcdh0=
		</data>
		<key>Resources/Data/boot.config</key>
		<data>
		8CDV+C6YpSZy9PEAN86RGU/g8Xw=
		</data>
		<key>Resources/Data/globalgamemanagers</key>
		<data>
		CPQFCWVofzndEoIrkoKL/lBFiyk=
		</data>
		<key>Resources/Data/globalgamemanagers.assets</key>
		<data>
		volSjeY2fv3suhTDTw1//p5yrCY=
		</data>
		<key>Resources/Data/globalgamemanagers.assets.resS</key>
		<data>
		PJGg89TlXEAhw9zCuPB01i5T/sE=
		</data>
		<key>Resources/Data/level0</key>
		<data>
		yd2XmswdJFJBUpfbdcgMfenu4qg=
		</data>
		<key>Resources/Data/resources.assets</key>
		<data>
		dRskR4FltN31Ym6c7NxKgqZyIYU=
		</data>
		<key>Resources/Data/resources.assets.resS</key>
		<data>
		p6YYNiu32J2WRjrAsaX2xeGMDYc=
		</data>
		<key>Resources/Data/sharedassets0.assets</key>
		<data>
		wRE2p8O9qNWGMoSr+6+lJXYOgt4=
		</data>
		<key>Resources/Data/sharedassets0.assets.resS</key>
		<data>
		ldw19cPqvyuedU7ySRaI7N1WpBc=
		</data>
		<key>Resources/DefaultPreferences.plist</key>
		<data>
		m+skEuVL9+bRou8LnQNHgBqvbyI=
		</data>
		<key>Resources/MainMenu.nib/designable.nib</key>
		<data>
		2IP4b7ubCnWV55RHCalaHT5vaGQ=
		</data>
		<key>Resources/MainMenu.nib/keyedobjects.nib</key>
		<data>
		0pKU0tdl1Ei4v7c0cAAQPj+MzEY=
		</data>
		<key>Resources/PrivacyInfo.xcprivacy</key>
		<data>
		DWHmHGh67TbewObZIAYSPl3QUfU=
		</data>
	</dict>
	<key>files2</key>
	<dict>
		<key>Frameworks/UnityPlayer.dylib</key>
		<dict>
			<key>cdhash</key>
			<data>
			1bmTYHcYUAYJCfy/4dXfXfIA+x4=
			</data>
			<key>requirement</key>
			<string>cdhash H"d5b99360771850060909fcbfe1d5df5df200fb1e" or cdhash H"4e60ca7b658ce22fc2df8e11a1fdfc8f34906351"</string>
		</dict>
		<key>Frameworks/libMonoPosixHelper.dylib</key>
		<dict>
			<key>cdhash</key>
			<data>
			oDKoScVRtfnmyGrrcq1iDOi6AhE=
			</data>
			<key>requirement</key>
			<string>cdhash H"a032a849c551b5f9e6c86aeb72ad620ce8ba0211" or cdhash H"b02c1dfd99e59753ca20ec22c14b073d5eeb4ac2"</string>
		</dict>
		<key>Frameworks/libmono-native.dylib</key>
		<dict>
			<key>cdhash</key>
			<data>
			hy3kGm8i0Z6c2oIJmu1+WzDmeRI=
			</data>
			<key>requirement</key>
			<string>cdhash H"872de41a6f22d19e9cda82099aed7e5b30e67912" or cdhash H"f3f97fc43cf435e78f36595d8352336b4d58c5b4"</string>
		</dict>
		<key>Frameworks/libmonobdwgc-2.0.dylib</key>
		<dict>
			<key>cdhash</key>
			<data>
			hpt4he1Xso06Zdc0P+PI571XWbc=
			</data>
			<key>requirement</key>
			<string>cdhash H"869b7885ed57b28d3a65d7343fe3c8e7bd5759b7" or cdhash H"8958b717dc61d095343619bd426edd5367cd0340"</string>
		</dict>
		<key>MonoBleedingEdge/etc/mono/2.0/Browsers/Compat.browser</key>
		<dict>
			<key>hash2</key>
			<data>
			ihCCBXrFaB3NTpwiftf7jrQqwWGJY7XeO2Vzndd+J0E=
			</data>
		</dict>
		<key>MonoBleedingEdge/etc/mono/2.0/DefaultWsdlHelpGenerator.aspx</key>
		<dict>
			<key>hash2</key>
			<data>
			dRhhBAtp6mOjgnUHt8janH9UncGBwcivS3ynjMl9cQo=
			</data>
		</dict>
		<key>MonoBleedingEdge/etc/mono/2.0/machine.config</key>
		<dict>
			<key>hash2</key>
			<data>
			6ReCon+jn8bB1u6LCFKfXTUFIxDQAGA0uHjrBLjyrzA=
			</data>
		</dict>
		<key>MonoBleedingEdge/etc/mono/2.0/settings.map</key>
		<dict>
			<key>hash2</key>
			<data>
			ScYWD51Ur0Jwo7Tpl/xKgwH3m54gcBGPpG3by7xE+aI=
			</data>
		</dict>
		<key>MonoBleedingEdge/etc/mono/2.0/web.config</key>
		<dict>
			<key>hash2</key>
			<data>
			zytUM54Gm55C99Z5Xuy/VixQwQEfTKj2X1eP5S2X/5I=
			</data>
		</dict>
		<key>MonoBleedingEdge/etc/mono/4.0/Browsers/Compat.browser</key>
		<dict>
			<key>hash2</key>
			<data>
			ihCCBXrFaB3NTpwiftf7jrQqwWGJY7XeO2Vzndd+J0E=
			</data>
		</dict>
		<key>MonoBleedingEdge/etc/mono/4.0/DefaultWsdlHelpGenerator.aspx</key>
		<dict>
			<key>hash2</key>
			<data>
			dRhhBAtp6mOjgnUHt8janH9UncGBwcivS3ynjMl9cQo=
			</data>
		</dict>
		<key>MonoBleedingEdge/etc/mono/4.0/machine.config</key>
		<dict>
			<key>hash2</key>
			<data>
			5grsLFEV1ls6yzxV6iFXbb13D1eRZsAXElVx5GrlYO0=
			</data>
		</dict>
		<key>MonoBleedingEdge/etc/mono/4.0/settings.map</key>
		<dict>
			<key>hash2</key>
			<data>
			zh2xrYqVEgcxZOPszcGT9+2gNuGpczyuxGNd4hsoZcg=
			</data>
		</dict>
		<key>MonoBleedingEdge/etc/mono/4.0/web.config</key>
		<dict>
			<key>hash2</key>
			<data>
			44u4zGj+W07ezf0ojQlLnoztdikDmyo0doKroNi9dJI=
			</data>
		</dict>
		<key>MonoBleedingEdge/etc/mono/4.5/Browsers/Compat.browser</key>
		<dict>
			<key>hash2</key>
			<data>
			ihCCBXrFaB3NTpwiftf7jrQqwWGJY7XeO2Vzndd+J0E=
			</data>
		</dict>
		<key>MonoBleedingEdge/etc/mono/4.5/DefaultWsdlHelpGenerator.aspx</key>
		<dict>
			<key>hash2</key>
			<data>
			dRhhBAtp6mOjgnUHt8janH9UncGBwcivS3ynjMl9cQo=
			</data>
		</dict>
		<key>MonoBleedingEdge/etc/mono/4.5/machine.config</key>
		<dict>
			<key>hash2</key>
			<data>
			7pUABLV2+yjchfSwQ17QS/lmEt4ui1O+hNB6/oWg3mw=
			</data>
		</dict>
		<key>MonoBleedingEdge/etc/mono/4.5/settings.map</key>
		<dict>
			<key>hash2</key>
			<data>
			zh2xrYqVEgcxZOPszcGT9+2gNuGpczyuxGNd4hsoZcg=
			</data>
		</dict>
		<key>MonoBleedingEdge/etc/mono/4.5/web.config</key>
		<dict>
			<key>hash2</key>
			<data>
			xMvd1P2TR7WMxacrNtxLoa0rtpnmWGnQXNP7mGXw2CQ=
			</data>
		</dict>
		<key>MonoBleedingEdge/etc/mono/browscap.ini</key>
		<dict>
			<key>hash2</key>
			<data>
			Td1Q8x+5aPML7e/CU6Rtw/KJAZLQXNqp4KZKBW7ugH4=
			</data>
		</dict>
		<key>MonoBleedingEdge/etc/mono/config</key>
		<dict>
			<key>hash2</key>
			<data>
			V3YWmXOiajh7iz5cDyMBp6uabdfH0++iKparxH+/hmI=
			</data>
		</dict>
		<key>MonoBleedingEdge/etc/mono/mconfig/config.xml</key>
		<dict>
			<key>hash2</key>
			<data>
			DFbjTGkSRRD6jBnntMLKbBxP9GCuGfeY3QygNYCeOW0=
			</data>
		</dict>
		<key>PlugIns/lib_burst_generated.bundle</key>
		<dict>
			<key>cdhash</key>
			<data>
			YyLNpkDwusXVqXnCuL58IEU7Ve0=
			</data>
			<key>requirement</key>
			<string>cdhash H"6322cda640f0bac5d5a979c2b8be7c20453b55ed" or cdhash H"7f07afd57a0aa52ded2d1431f84c974adbd12e47"</string>
		</dict>
		<key>Resources/Data/Managed/Assembly-CSharp.dll</key>
		<dict>
			<key>hash2</key>
			<data>
			OyVUy0wC2DnFespogAjJICt7MbmCB96KljJpwYd176U=
			</data>
		</dict>
		<key>Resources/Data/Managed/Mono.Security.dll</key>
		<dict>
			<key>hash2</key>
			<data>
			3BR2hXSKClsOGIwKPFoSryUAFdQNgfbyAr34QcxATI8=
			</data>
		</dict>
		<key>Resources/Data/Managed/System.ComponentModel.Composition.dll</key>
		<dict>
			<key>hash2</key>
			<data>
			P17xiVhYnqJdWvM8vW+/Hi+JQiiw+fVu1tdOA518TJY=
			</data>
		</dict>
		<key>Resources/Data/Managed/System.Configuration.dll</key>
		<dict>
			<key>hash2</key>
			<data>
			AkOIb3vvZKrTfmin91CKb9iKf7UJEiH+f28XnL+jWe0=
			</data>
		</dict>
		<key>Resources/Data/Managed/System.Core.dll</key>
		<dict>
			<key>hash2</key>
			<data>
			6wofXxa7nLPUwwu3+3QsYNVUh6+ngBAzqmlDP+zul0A=
			</data>
		</dict>
		<key>Resources/Data/Managed/System.Data.DataSetExtensions.dll</key>
		<dict>
			<key>hash2</key>
			<data>
			hhxhAK+h9yOrovK4CrA9mtAImXa8PRTGFgJ7rcKEMz8=
			</data>
		</dict>
		<key>Resources/Data/Managed/System.Data.dll</key>
		<dict>
			<key>hash2</key>
			<data>
			wCwP706wmUKLJ+bbX6dWkJoQZP0NjcCF1dlaC7hubEk=
			</data>
		</dict>
		<key>Resources/Data/Managed/System.Drawing.dll</key>
		<dict>
			<key>hash2</key>
			<data>
			UlLtoLVsE6ZV//wEy+9yrhNiIVARmJivEQWPse1G8Ec=
			</data>
		</dict>
		<key>Resources/Data/Managed/System.EnterpriseServices.dll</key>
		<dict>
			<key>hash2</key>
			<data>
			xypteCqbHU0X26ts8abUdatj/EGilapnrSq7SfduEhc=
			</data>
		</dict>
		<key>Resources/Data/Managed/System.IO.Compression.FileSystem.dll</key>
		<dict>
			<key>hash2</key>
			<data>
			BwwQSsebNsT7ZNh4ijj45e7f2uyDvTab+xuz0gvDRQc=
			</data>
		</dict>
		<key>Resources/Data/Managed/System.IO.Compression.dll</key>
		<dict>
			<key>hash2</key>
			<data>
			rGHLH/Pj2DyLCCzJtEOHCtP7zxd1DPlUrbXeNOW/YFY=
			</data>
		</dict>
		<key>Resources/Data/Managed/System.Net.Http.dll</key>
		<dict>
			<key>hash2</key>
			<data>
			qyIivNS59s9gbAHPjkmqWRAlR/jObAGX+Y4bQSRQUkg=
			</data>
		</dict>
		<key>Resources/Data/Managed/System.Numerics.dll</key>
		<dict>
			<key>hash2</key>
			<data>
			u7jbNykWbVkY4pqYjHWDKK0Qyt+R4gKCX8RXjAQUXGA=
			</data>
		</dict>
		<key>Resources/Data/Managed/System.Runtime.Serialization.dll</key>
		<dict>
			<key>hash2</key>
			<data>
			G+GmgKG6EMejmqXJih8VBktfmDLLMsTNULqwcwGTIhk=
			</data>
		</dict>
		<key>Resources/Data/Managed/System.Runtime.dll</key>
		<dict>
			<key>hash2</key>
			<data>
			+8hgfYxDEkYPUjTBlQp00Jj/jKtavMGgk+VbK77XXTA=
			</data>
		</dict>
		<key>Resources/Data/Managed/System.Security.dll</key>
		<dict>
			<key>hash2</key>
			<data>
			+uW/VpborRLzr16coB7GHmeLj55GplAJzhluoj2TNvo=
			</data>
		</dict>
		<key>Resources/Data/Managed/System.ServiceModel.Internals.dll</key>
		<dict>
			<key>hash2</key>
			<data>
			SQbOqJQidB9TgcYVfr2FKWhgucCIOdqZnu/TsJ50pc8=
			</data>
		</dict>
		<key>Resources/Data/Managed/System.Transactions.dll</key>
		<dict>
			<key>hash2</key>
			<data>
			ggnV+snBs637Zw/51hB2ilRc46IE+cDDEmngXOehimM=
			</data>
		</dict>
		<key>Resources/Data/Managed/System.Xml.Linq.dll</key>
		<dict>
			<key>hash2</key>
			<data>
			2fw6hvCFYEDGIa58zBbgubZrPlv77FBPTKjqbYBhPXk=
			</data>
		</dict>
		<key>Resources/Data/Managed/System.Xml.dll</key>
		<dict>
			<key>hash2</key>
			<data>
			/5MEOJ3Z7xpmuS24zwmJ+5DPRzHmuYRfFVWnGXiTtMw=
			</data>
		</dict>
		<key>Resources/Data/Managed/System.dll</key>
		<dict>
			<key>hash2</key>
			<data>
			TnL8UMhUnQ3zZet8ddlTEQi4mK77Lw8Hd4BR95Ha3u4=
			</data>
		</dict>
		<key>Resources/Data/Managed/Unity.AI.Navigation.dll</key>
		<dict>
			<key>hash2</key>
			<data>
			inmlOgz4UQJ3/YWacmHL8mBCcf6/hsRpip/+i2gVTlw=
			</data>
		</dict>
		<key>Resources/Data/Managed/Unity.Burst.Unsafe.dll</key>
		<dict>
			<key>hash2</key>
			<data>
			nZwf9SQR3svuXZ8NHNYevqoiIHeqd6UhAeo966+umOI=
			</data>
		</dict>
		<key>Resources/Data/Managed/Unity.Burst.dll</key>
		<dict>
			<key>hash2</key>
			<data>
			UGcyT0xl+staHzYGdylgjGmoMbEBzyr7exhsBkCttrk=
			</data>
		</dict>
		<key>Resources/Data/Managed/Unity.Collections.LowLevel.ILSupport.dll</key>
		<dict>
			<key>hash2</key>
			<data>
			/1A4P4B/lpLkkTuX5H2G/vy4+qM9bUjNPj/W/H/7RI0=
			</data>
		</dict>
		<key>Resources/Data/Managed/Unity.Collections.dll</key>
		<dict>
			<key>hash2</key>
			<data>
			5gtAaws+GzB4E0h2QXBBfwDdXH5QlVx7UEtk/fMYHEo=
			</data>
		</dict>
		<key>Resources/Data/Managed/Unity.InputSystem.ForUI.dll</key>
		<dict>
			<key>hash2</key>
			<data>
			23H2QyIioVQCmJJAd1znO5+kA/e/VnMUa3m7Mz+BHO0=
			</data>
		</dict>
		<key>Resources/Data/Managed/Unity.InputSystem.dll</key>
		<dict>
			<key>hash2</key>
			<data>
			hul1c3v8kbAkHfXUyiRJ5lSoQQ+4DB7YouksMUF86Qg=
			</data>
		</dict>
		<key>Resources/Data/Managed/Unity.Mathematics.dll</key>
		<dict>
			<key>hash2</key>
			<data>
			+NU3vBk562exizSpdUpkdJ6q55dQ71tbiLLMX0oKP8U=
			</data>
		</dict>
		<key>Resources/Data/Managed/Unity.Multiplayer.Center.Common.dll</key>
		<dict>
			<key>hash2</key>
			<data>
			ajWPeTr+QaCpM4Zjc24/T4xxOcTkwZeFARetWy94cxE=
			</data>
		</dict>
		<key>Resources/Data/Managed/Unity.RenderPipeline.Universal.ShaderLibrary.dll</key>
		<dict>
			<key>hash2</key>
			<data>
			Sq88XJFu9TKHWWNoJIU1XJ0m4k/WSoid5U9jUjnNFW8=
			</data>
		</dict>
		<key>Resources/Data/Managed/Unity.RenderPipelines.Core.Runtime.Shared.dll</key>
		<dict>
			<key>hash2</key>
			<data>
			W0jQ4kN/P0SV1KNsjq8GG2HaZVMlnpMELP+A/Kryr7E=
			</data>
		</dict>
		<key>Resources/Data/Managed/Unity.RenderPipelines.Core.Runtime.dll</key>
		<dict>
			<key>hash2</key>
			<data>
			DJ/xFTPmIyIhrhs5BzNJC6lGR1+kirqvTDBPr0qzyxk=
			</data>
		</dict>
		<key>Resources/Data/Managed/Unity.RenderPipelines.Core.ShaderLibrary.dll</key>
		<dict>
			<key>hash2</key>
			<data>
			oNWx9qosGVM0LGCeIxvIU4TBnCztunllgwhDjS4ItBk=
			</data>
		</dict>
		<key>Resources/Data/Managed/Unity.RenderPipelines.GPUDriven.Runtime.dll</key>
		<dict>
			<key>hash2</key>
			<data>
			tC++ZNuCPXV9Rd1CnOXAjG/W5dbVAlJWZWrUvivBFrY=
			</data>
		</dict>
		<key>Resources/Data/Managed/Unity.RenderPipelines.ShaderGraph.ShaderGraphLibrary.dll</key>
		<dict>
			<key>hash2</key>
			<data>
			JGT/uYIHzOhP+6tJCsXk/aWRdmOiFqUB7Q2q5FO3xD0=
			</data>
		</dict>
		<key>Resources/Data/Managed/Unity.RenderPipelines.Universal.2D.Runtime.dll</key>
		<dict>
			<key>hash2</key>
			<data>
			7nceQcGF+gpIc08Un25E61n48o2BeOqkuMj2Zj4D5UQ=
			</data>
		</dict>
		<key>Resources/Data/Managed/Unity.RenderPipelines.Universal.Config.Runtime.dll</key>
		<dict>
			<key>hash2</key>
			<data>
			ABfXlidsj0AzuD20+1kGKTYlbmFe5kSbgvOftKxHeN4=
			</data>
		</dict>
		<key>Resources/Data/Managed/Unity.RenderPipelines.Universal.Runtime.dll</key>
		<dict>
			<key>hash2</key>
			<data>
			HgTXQy1KgpRJzKhZMau1kAEHdwrotUT6nDyeyb/OKwg=
			</data>
		</dict>
		<key>Resources/Data/Managed/Unity.RenderPipelines.Universal.Shaders.dll</key>
		<dict>
			<key>hash2</key>
			<data>
			dxauGuPap6IBuaS4pCLRy+0t0GcUNiZHz052GUtlBHc=
			</data>
		</dict>
		<key>Resources/Data/Managed/Unity.Rendering.LightTransport.Runtime.dll</key>
		<dict>
			<key>hash2</key>
			<data>
			J16i5byK92O7H/Svse1XusBRycqb/lGGFmAVu0e/n9s=
			</data>
		</dict>
		<key>Resources/Data/Managed/Unity.TextMeshPro.dll</key>
		<dict>
			<key>hash2</key>
			<data>
			N1ADbK0naANGFkg+HBvSV2OmW3LcMX8o1kiR3i2DS5A=
			</data>
		</dict>
		<key>Resources/Data/Managed/Unity.Timeline.dll</key>
		<dict>
			<key>hash2</key>
			<data>
			UbWp+rASHtRy4UGkn1BLSkjgASakJAUtEuytLKAVpNs=
			</data>
		</dict>
		<key>Resources/Data/Managed/Unity.VisualScripting.Antlr3.Runtime.dll</key>
		<dict>
			<key>hash2</key>
			<data>
			7XziBfZur+Obu10ITULn/hHLSzhv8gjl1REIkb4Lezc=
			</data>
		</dict>
		<key>Resources/Data/Managed/Unity.VisualScripting.Core.dll</key>
		<dict>
			<key>hash2</key>
			<data>
			AAZkztyfixvRkk8fwtXOd/miIktR2C+cQ/jdux5wS+4=
			</data>
		</dict>
		<key>Resources/Data/Managed/Unity.VisualScripting.Flow.dll</key>
		<dict>
			<key>hash2</key>
			<data>
			367gMUR0Wj930jU+aXYdfkEi9ECXcfVxw8accQnx2pg=
			</data>
		</dict>
		<key>Resources/Data/Managed/Unity.VisualScripting.State.dll</key>
		<dict>
			<key>hash2</key>
			<data>
			QRv56wAlS6VEL+TqI8PvQfsgXZVcS7ZjMa1OKoqgmbI=
			</data>
		</dict>
		<key>Resources/Data/Managed/UnityEngine.AIModule.dll</key>
		<dict>
			<key>hash2</key>
			<data>
			LwCXcBEHMn/pPWDiAxRdHN0TKbuWIC5MN3L2xlkJDD0=
			</data>
		</dict>
		<key>Resources/Data/Managed/UnityEngine.ARModule.dll</key>
		<dict>
			<key>hash2</key>
			<data>
			f+FY8aNYnW4qMjvl6DoI3Z81s/2YlkWYx+nSjEP3XrI=
			</data>
		</dict>
		<key>Resources/Data/Managed/UnityEngine.AccessibilityModule.dll</key>
		<dict>
			<key>hash2</key>
			<data>
			1TxNc8JqMEeBygZpJRyzpJewZgBcT6og65eEnSYclf8=
			</data>
		</dict>
		<key>Resources/Data/Managed/UnityEngine.AndroidJNIModule.dll</key>
		<dict>
			<key>hash2</key>
			<data>
			y6AOjaqR+OYMQLybCIqn0OedIYMZ/g8zD6ntwKuIIZo=
			</data>
		</dict>
		<key>Resources/Data/Managed/UnityEngine.AnimationModule.dll</key>
		<dict>
			<key>hash2</key>
			<data>
			44bsftB/8JYd/Ck4wSRzpO/wK1FF/wRIJCZ6mTeo72c=
			</data>
		</dict>
		<key>Resources/Data/Managed/UnityEngine.AssetBundleModule.dll</key>
		<dict>
			<key>hash2</key>
			<data>
			dNGFO+Z2BmEGTMdkc7XPTQKwclOSNUApXiPo5999a1U=
			</data>
		</dict>
		<key>Resources/Data/Managed/UnityEngine.AudioModule.dll</key>
		<dict>
			<key>hash2</key>
			<data>
			CE+WTRTibedyTrBbHN7eqvrszIflItwfV45S0hmstD8=
			</data>
		</dict>
		<key>Resources/Data/Managed/UnityEngine.ClothModule.dll</key>
		<dict>
			<key>hash2</key>
			<data>
			RfX3wQzgveG17yjfY20FShJVRTvl6tGaM7U/wHLj4dQ=
			</data>
		</dict>
		<key>Resources/Data/Managed/UnityEngine.ClusterInputModule.dll</key>
		<dict>
			<key>hash2</key>
			<data>
			M9u2NHUpf67qJATneSdDlLKP1RlGT8i2l9d7Z0ETRMM=
			</data>
		</dict>
		<key>Resources/Data/Managed/UnityEngine.ClusterRendererModule.dll</key>
		<dict>
			<key>hash2</key>
			<data>
			CVbRhc0BvDvOjEs1YzhjbN71hfCSesUXPlJ/b7B0sSE=
			</data>
		</dict>
		<key>Resources/Data/Managed/UnityEngine.ContentLoadModule.dll</key>
		<dict>
			<key>hash2</key>
			<data>
			H7hW/U1UYVImSf4DDaUDxWqmqRmwMaccOBBK6g4oXUA=
			</data>
		</dict>
		<key>Resources/Data/Managed/UnityEngine.CoreModule.dll</key>
		<dict>
			<key>hash2</key>
			<data>
			y7PkuRtC+vuOBI1s4KR34KTleZTfsZDE8D2SQHtADPY=
			</data>
		</dict>
		<key>Resources/Data/Managed/UnityEngine.CrashReportingModule.dll</key>
		<dict>
			<key>hash2</key>
			<data>
			BaIjp19sDWXwXHAaU/R4MRZwahZxBSQ8bvYDk604KDs=
			</data>
		</dict>
		<key>Resources/Data/Managed/UnityEngine.DSPGraphModule.dll</key>
		<dict>
			<key>hash2</key>
			<data>
			Gsm/q/H+TdVXuvkH4Fxze+FM9ucG5ASToTB6djfgF7s=
			</data>
		</dict>
		<key>Resources/Data/Managed/UnityEngine.DirectorModule.dll</key>
		<dict>
			<key>hash2</key>
			<data>
			aMqXT7JiUo09SiQxDRo9GoP9sbOJBT/ocFWEY+PG0Yo=
			</data>
		</dict>
		<key>Resources/Data/Managed/UnityEngine.GIModule.dll</key>
		<dict>
			<key>hash2</key>
			<data>
			ih4pOqpanbujbsba9vqW80OMbkRM56Xusmz15RCV++A=
			</data>
		</dict>
		<key>Resources/Data/Managed/UnityEngine.GameCenterModule.dll</key>
		<dict>
			<key>hash2</key>
			<data>
			dWsAZBb/LAnPfWHPPFBQHkkxpZHMfAx1bYw9UrMs8qE=
			</data>
		</dict>
		<key>Resources/Data/Managed/UnityEngine.GraphicsStateCollectionSerializerModule.dll</key>
		<dict>
			<key>hash2</key>
			<data>
			6iTTKaRJJFUy+344S6ASHLrIpAm38qt5DlHLdvts0xI=
			</data>
		</dict>
		<key>Resources/Data/Managed/UnityEngine.GridModule.dll</key>
		<dict>
			<key>hash2</key>
			<data>
			S0kxiXac6NfQnQO7g+TzEbHE24QHU077fuLe5pcKdz4=
			</data>
		</dict>
		<key>Resources/Data/Managed/UnityEngine.HierarchyCoreModule.dll</key>
		<dict>
			<key>hash2</key>
			<data>
			TP8598zy3P9ssbGyx3lO2pvcjz5KJffbFOqSlo5QUio=
			</data>
		</dict>
		<key>Resources/Data/Managed/UnityEngine.HotReloadModule.dll</key>
		<dict>
			<key>hash2</key>
			<data>
			T/NX78+BUW3OqtibrCJAe7gWC0oVpYK2IoKPRjlQ3pA=
			</data>
		</dict>
		<key>Resources/Data/Managed/UnityEngine.IMGUIModule.dll</key>
		<dict>
			<key>hash2</key>
			<data>
			gcNvWS8T+6901KMFkIHjv5RjPV9EMW2Cq1gKBT5FeXg=
			</data>
		</dict>
		<key>Resources/Data/Managed/UnityEngine.ImageConversionModule.dll</key>
		<dict>
			<key>hash2</key>
			<data>
			Jus8pWAKi/0o5vp3fgy4PifMkG5gIqzcQcRGztfV/mU=
			</data>
		</dict>
		<key>Resources/Data/Managed/UnityEngine.InputForUIModule.dll</key>
		<dict>
			<key>hash2</key>
			<data>
			h1+Qrx2o0nJ0qrR9NHi5S1xaltfzCyrMkNQnL8GonTs=
			</data>
		</dict>
		<key>Resources/Data/Managed/UnityEngine.InputLegacyModule.dll</key>
		<dict>
			<key>hash2</key>
			<data>
			U3w7su/VIQtWzCcO+QV0L3zmAXqjzDDoStubj71HOd0=
			</data>
		</dict>
		<key>Resources/Data/Managed/UnityEngine.InputModule.dll</key>
		<dict>
			<key>hash2</key>
			<data>
			d02Zy6XFNb7Qr6TlIe2/rHmWW+9uAw87QtkVrwzlS+s=
			</data>
		</dict>
		<key>Resources/Data/Managed/UnityEngine.JSONSerializeModule.dll</key>
		<dict>
			<key>hash2</key>
			<data>
			eFUOVuMVHOKWV8P3+BWal93Y7U5o7sDfyJeZX4weGt0=
			</data>
		</dict>
		<key>Resources/Data/Managed/UnityEngine.LocalizationModule.dll</key>
		<dict>
			<key>hash2</key>
			<data>
			0E02+Y3t+wvJn7tlylUfPzllq7+PnRtQYdBBZF6jPyE=
			</data>
		</dict>
		<key>Resources/Data/Managed/UnityEngine.MarshallingModule.dll</key>
		<dict>
			<key>hash2</key>
			<data>
			WAioZ1OcNoaLJ5fkSWbxfzQV2l5snAiZTaGgJDHbYj8=
			</data>
		</dict>
		<key>Resources/Data/Managed/UnityEngine.MultiplayerModule.dll</key>
		<dict>
			<key>hash2</key>
			<data>
			7AcE9Pi8JdIKbgE5ZywbnhKJY0mfvzoiltWvn2fn2tY=
			</data>
		</dict>
		<key>Resources/Data/Managed/UnityEngine.ParticleSystemModule.dll</key>
		<dict>
			<key>hash2</key>
			<data>
			kE8cq7EAvwnEOKin3HxFp9hKmcMxpJc8sUypSVZ/gcg=
			</data>
		</dict>
		<key>Resources/Data/Managed/UnityEngine.PerformanceReportingModule.dll</key>
		<dict>
			<key>hash2</key>
			<data>
			uvrzx8uP5OlmEEFUGKCulXA+yQG04/H95Hp6JqivWtQ=
			</data>
		</dict>
		<key>Resources/Data/Managed/UnityEngine.Physics2DModule.dll</key>
		<dict>
			<key>hash2</key>
			<data>
			Mvat5ZlCkAyeRcKP0C4h73JRXRtlzNKROweh9UfKt94=
			</data>
		</dict>
		<key>Resources/Data/Managed/UnityEngine.PhysicsModule.dll</key>
		<dict>
			<key>hash2</key>
			<data>
			Mw7zoA/+jpPMu0XHPa+sNwSdc70Ke/bm7Vpt/4BeuRc=
			</data>
		</dict>
		<key>Resources/Data/Managed/UnityEngine.PropertiesModule.dll</key>
		<dict>
			<key>hash2</key>
			<data>
			NAWJqsbXX3R62HfQHJzMt3ckpSk4Qzk4zjKxfN7GJJA=
			</data>
		</dict>
		<key>Resources/Data/Managed/UnityEngine.RuntimeInitializeOnLoadManagerInitializerModule.dll</key>
		<dict>
			<key>hash2</key>
			<data>
			ebTtdb6cfOaMxBwoDgFyvMZWU60fsf7iLeD0EAhqmN0=
			</data>
		</dict>
		<key>Resources/Data/Managed/UnityEngine.ScreenCaptureModule.dll</key>
		<dict>
			<key>hash2</key>
			<data>
			3VZaqaIhZaZz6k1wYUvdD3EF7upl3sDZwk4i2+MdsS8=
			</data>
		</dict>
		<key>Resources/Data/Managed/UnityEngine.ShaderVariantAnalyticsModule.dll</key>
		<dict>
			<key>hash2</key>
			<data>
			yT6kl9MpW3dLprP49KB0lSCaad4DRpfuISHCWH5j2mc=
			</data>
		</dict>
		<key>Resources/Data/Managed/UnityEngine.SharedInternalsModule.dll</key>
		<dict>
			<key>hash2</key>
			<data>
			bU+j8u7TlmdnLGtvXisk0IlVayraPZe+rDpaKX+iuhE=
			</data>
		</dict>
		<key>Resources/Data/Managed/UnityEngine.SpriteMaskModule.dll</key>
		<dict>
			<key>hash2</key>
			<data>
			9dB3JPBNE6Ck+0eCEmAQdrpCRSMDA9K9EEHS6KY2uak=
			</data>
		</dict>
		<key>Resources/Data/Managed/UnityEngine.SpriteShapeModule.dll</key>
		<dict>
			<key>hash2</key>
			<data>
			8qV/GFb9rmpfdErvp3eayfNYDstz/nbjWAxCuKAYhsU=
			</data>
		</dict>
		<key>Resources/Data/Managed/UnityEngine.StreamingModule.dll</key>
		<dict>
			<key>hash2</key>
			<data>
			43thdLeoB7B4lwlvziAstVCaEzb/hRIvNfdnKJNL+PE=
			</data>
		</dict>
		<key>Resources/Data/Managed/UnityEngine.SubstanceModule.dll</key>
		<dict>
			<key>hash2</key>
			<data>
			321Bn6z7jITYktN/OMQ2LOXTGTtH0CiodH6dQRKeBzs=
			</data>
		</dict>
		<key>Resources/Data/Managed/UnityEngine.SubsystemsModule.dll</key>
		<dict>
			<key>hash2</key>
			<data>
			HqdwWL2NU6oEHse68MNvx1k+9FgAlcWF9XSPf73kofw=
			</data>
		</dict>
		<key>Resources/Data/Managed/UnityEngine.TLSModule.dll</key>
		<dict>
			<key>hash2</key>
			<data>
			Uat0z5GErihKgysFQlqdlaSne4KtXs/QwXHpiGKpoQs=
			</data>
		</dict>
		<key>Resources/Data/Managed/UnityEngine.TerrainModule.dll</key>
		<dict>
			<key>hash2</key>
			<data>
			9s3FKUKPhiHhGebIi1drGmENbyYO037tcwjCEjht6hw=
			</data>
		</dict>
		<key>Resources/Data/Managed/UnityEngine.TerrainPhysicsModule.dll</key>
		<dict>
			<key>hash2</key>
			<data>
			a0UCmD9+1Y4dbPpFsC9vQyXY+//oTDii9wTLShaXyKg=
			</data>
		</dict>
		<key>Resources/Data/Managed/UnityEngine.TextCoreFontEngineModule.dll</key>
		<dict>
			<key>hash2</key>
			<data>
			VV6ru8U54uD/DUm+QFefoS6Xz3B2vocXMfmUbrbwIc4=
			</data>
		</dict>
		<key>Resources/Data/Managed/UnityEngine.TextCoreTextEngineModule.dll</key>
		<dict>
			<key>hash2</key>
			<data>
			hNCjkGPYVDNjdVUQ/FCIHvs0+fqjHbOJTrOuiZ6Xp3A=
			</data>
		</dict>
		<key>Resources/Data/Managed/UnityEngine.TextRenderingModule.dll</key>
		<dict>
			<key>hash2</key>
			<data>
			Jm7eUnvD5pmcLxAAhQe5Gen/JDbc8Di4paw0INtZpdI=
			</data>
		</dict>
		<key>Resources/Data/Managed/UnityEngine.TilemapModule.dll</key>
		<dict>
			<key>hash2</key>
			<data>
			KC9n66Sz727wedx5tOUQ3DTTNgo1/Fh10I1xnHLtmus=
			</data>
		</dict>
		<key>Resources/Data/Managed/UnityEngine.UI.dll</key>
		<dict>
			<key>hash2</key>
			<data>
			pxqFwtGIdrrwP/5FYTD3HmpRGCGFYBSaIlTMSEiNv5s=
			</data>
		</dict>
		<key>Resources/Data/Managed/UnityEngine.UIElementsModule.dll</key>
		<dict>
			<key>hash2</key>
			<data>
			ZhhB5+RglSkf865TaqO7uAC6DIPoCrAHl99n0B6Y5Kw=
			</data>
		</dict>
		<key>Resources/Data/Managed/UnityEngine.UIModule.dll</key>
		<dict>
			<key>hash2</key>
			<data>
			ykPwVt0KwCoF62B4PGcEqQjrIvcyNgEiK153Z7rE0Us=
			</data>
		</dict>
		<key>Resources/Data/Managed/UnityEngine.UmbraModule.dll</key>
		<dict>
			<key>hash2</key>
			<data>
			dYIZ7zXI/YIvuYifHdjX4oOsHYRWb8UDF0TFYlBiy4U=
			</data>
		</dict>
		<key>Resources/Data/Managed/UnityEngine.UnityAnalyticsCommonModule.dll</key>
		<dict>
			<key>hash2</key>
			<data>
			kqcste2wxpwV68Epe6xdTZPA4D3fqZoIAxu5Q+kLeRY=
			</data>
		</dict>
		<key>Resources/Data/Managed/UnityEngine.UnityAnalyticsModule.dll</key>
		<dict>
			<key>hash2</key>
			<data>
			2C3b8nyIF1ByX5rUR6ynve3MTL+zH3I/a0SDd9F4gTo=
			</data>
		</dict>
		<key>Resources/Data/Managed/UnityEngine.UnityConnectModule.dll</key>
		<dict>
			<key>hash2</key>
			<data>
			Syv9tpDWsOoIvveIphkBgV91ME6fnRmafSzt1ckVJnE=
			</data>
		</dict>
		<key>Resources/Data/Managed/UnityEngine.UnityCurlModule.dll</key>
		<dict>
			<key>hash2</key>
			<data>
			7Ck9VxzvV8OEP+pwYK5QUbEfzCuZwpxXHjyyyuYkctY=
			</data>
		</dict>
		<key>Resources/Data/Managed/UnityEngine.UnityTestProtocolModule.dll</key>
		<dict>
			<key>hash2</key>
			<data>
			VJq/lB3ZUJxShTmefClDKZvjsrulmn72KQTKjfk6fZo=
			</data>
		</dict>
		<key>Resources/Data/Managed/UnityEngine.UnityWebRequestAssetBundleModule.dll</key>
		<dict>
			<key>hash2</key>
			<data>
			MjUWJMTA2yfYZreLwXo7/JCqgwE5EWzjX/EBFIui1Oo=
			</data>
		</dict>
		<key>Resources/Data/Managed/UnityEngine.UnityWebRequestAudioModule.dll</key>
		<dict>
			<key>hash2</key>
			<data>
			Q/LMyBpuLghRz7syRrVaoLDISW8ZvzSSYupS1OwHnj0=
			</data>
		</dict>
		<key>Resources/Data/Managed/UnityEngine.UnityWebRequestModule.dll</key>
		<dict>
			<key>hash2</key>
			<data>
			UFFBiwtqOfroUmUSwEk6MW+d9pUEnmRqEI9mBG+Mj9U=
			</data>
		</dict>
		<key>Resources/Data/Managed/UnityEngine.UnityWebRequestTextureModule.dll</key>
		<dict>
			<key>hash2</key>
			<data>
			CSFxKc3D1ysEyzExCQm0GRojz9p6D0gARcxvSb2nVw4=
			</data>
		</dict>
		<key>Resources/Data/Managed/UnityEngine.UnityWebRequestWWWModule.dll</key>
		<dict>
			<key>hash2</key>
			<data>
			kqxdJjdiRrHKY0y1sLiyYtfZzxyuRabpjCFroe5VSOM=
			</data>
		</dict>
		<key>Resources/Data/Managed/UnityEngine.VFXModule.dll</key>
		<dict>
			<key>hash2</key>
			<data>
			n2JxjkzfvcnM0r0pPZZE33TQkct4GbZkpHiXvsILXYk=
			</data>
		</dict>
		<key>Resources/Data/Managed/UnityEngine.VRModule.dll</key>
		<dict>
			<key>hash2</key>
			<data>
			Gngk4TCh6wogtdcR0aOUDVr+JH2Av/U1bq4hKEQK0bw=
			</data>
		</dict>
		<key>Resources/Data/Managed/UnityEngine.VehiclesModule.dll</key>
		<dict>
			<key>hash2</key>
			<data>
			FhEB3dJNBkL1WParkqGSIkC1kbkLJe8gFYLzqpoIDuA=
			</data>
		</dict>
		<key>Resources/Data/Managed/UnityEngine.VideoModule.dll</key>
		<dict>
			<key>hash2</key>
			<data>
			JCz8KUPvIBI1GpGRekVuUFZNLfOpsA/xGmsdTH6QaVM=
			</data>
		</dict>
		<key>Resources/Data/Managed/UnityEngine.VirtualTexturingModule.dll</key>
		<dict>
			<key>hash2</key>
			<data>
			xXLdJ4tUa5qWI6CZlQztyrNikispTBzKTYWS8lWwg8E=
			</data>
		</dict>
		<key>Resources/Data/Managed/UnityEngine.WindModule.dll</key>
		<dict>
			<key>hash2</key>
			<data>
			4LOKh4RsEabHfVN2lF5qYKF8Q5rYG6Tl8MWbRk9BPfU=
			</data>
		</dict>
		<key>Resources/Data/Managed/UnityEngine.XRModule.dll</key>
		<dict>
			<key>hash2</key>
			<data>
			XmBK2E7rccWeFFODUUn3fx3PveOd49xcaheHgA12GmY=
			</data>
		</dict>
		<key>Resources/Data/Managed/UnityEngine.dll</key>
		<dict>
			<key>hash2</key>
			<data>
			cYMek9/obIyg6YlNg9YE+i59rL5owCUimkQjfoNNZxE=
			</data>
		</dict>
		<key>Resources/Data/Managed/mscorlib.dll</key>
		<dict>
			<key>hash2</key>
			<data>
			PvUtOd2cDfj3de3hzPAiwJ19svfNTNVBQz0c56Jtln4=
			</data>
		</dict>
		<key>Resources/Data/Managed/netstandard.dll</key>
		<dict>
			<key>hash2</key>
			<data>
			vwt+rJAQt1QT5OwaB6NFO8amjuuOkW++18Hyd3hB98c=
			</data>
		</dict>
		<key>Resources/Data/Resources/unity default resources</key>
		<dict>
			<key>hash2</key>
			<data>
			et7ZimOdUS5KDvIDL0gKLL/HsMK+zflPr+q4ZQqUbq0=
			</data>
		</dict>
		<key>Resources/Data/Resources/unity_builtin_extra</key>
		<dict>
			<key>hash2</key>
			<data>
			VrDyhyp5zFDvvqEq5UpWkAx+aZHSySprrtP//WKuPPk=
			</data>
		</dict>
		<key>Resources/Data/RuntimeInitializeOnLoads.json</key>
		<dict>
			<key>hash2</key>
			<data>
			x1Ulz+N85o2yxo9ys2nGO5sPJyRPASwDZnhOR8rMXW8=
			</data>
		</dict>
		<key>Resources/Data/ScriptingAssemblies.json</key>
		<dict>
			<key>hash2</key>
			<data>
			By9sZXuTmrcIb3rwi9+EXJQz0WggqzVuWlIZ05LrjUU=
			</data>
		</dict>
		<key>Resources/Data/app.info</key>
		<dict>
			<key>hash2</key>
			<data>
			dOqjjQRrrsJdEinrXNz5ExIbpDPaoxaf85iN+8nRuVM=
			</data>
		</dict>
		<key>Resources/Data/boot.config</key>
		<dict>
			<key>hash2</key>
			<data>
			yU80MhanTfVVj4x7BzUvERTmC5pBL8Nrp2okgU7dmgQ=
			</data>
		</dict>
		<key>Resources/Data/globalgamemanagers</key>
		<dict>
			<key>hash2</key>
			<data>
			6ZN7ZtRgTKt4QBdtiqZsAPBRAni3GEv9K0M7gISE/2E=
			</data>
		</dict>
		<key>Resources/Data/globalgamemanagers.assets</key>
		<dict>
			<key>hash2</key>
			<data>
			h4KW6KIm23GLPI3yzbjE5YvpLk1Uoi72SyQeL/xASq0=
			</data>
		</dict>
		<key>Resources/Data/globalgamemanagers.assets.resS</key>
		<dict>
			<key>hash2</key>
			<data>
			JrJLvQvbcBfsusO4KcDtfEhIvDQ69XAuluvbdacliwQ=
			</data>
		</dict>
		<key>Resources/Data/level0</key>
		<dict>
			<key>hash2</key>
			<data>
			ypAZM8SFh7aX37C63O/+UcvwDcR/a6m68No18DAVNVQ=
			</data>
		</dict>
		<key>Resources/Data/resources.assets</key>
		<dict>
			<key>hash2</key>
			<data>
			7frk4ofzJgJn/ff8O+sigECGJ2A4SBzdTuGD78o02gQ=
			</data>
		</dict>
		<key>Resources/Data/resources.assets.resS</key>
		<dict>
			<key>hash2</key>
			<data>
			Fk5/vjmhlsCCZ2d1ApEZJwtDqSBxCxo9PX/mCnr3NCE=
			</data>
		</dict>
		<key>Resources/Data/sharedassets0.assets</key>
		<dict>
			<key>hash2</key>
			<data>
			CVwYhZ2CHmm6LrvqopFV9CtKaoVdyb0kUIkKhv9x/Xs=
			</data>
		</dict>
		<key>Resources/Data/sharedassets0.assets.resS</key>
		<dict>
			<key>hash2</key>
			<data>
			2PtAJ835L/xCHEdQb9f6917s0Kf1r2fNTub9TrNuR8s=
			</data>
		</dict>
		<key>Resources/DefaultPreferences.plist</key>
		<dict>
			<key>hash2</key>
			<data>
			ggnO3AxYrvb/mCmaQe50LkvbBDGAx93yPKY+Axu2XmM=
			</data>
		</dict>
		<key>Resources/MainMenu.nib/designable.nib</key>
		<dict>
			<key>hash2</key>
			<data>
			VxiCIbqdyIm+TJ4D8MhnvOggcmSR4yovpJKGgfAG8wg=
			</data>
		</dict>
		<key>Resources/MainMenu.nib/keyedobjects.nib</key>
		<dict>
			<key>hash2</key>
			<data>
			H65bfG7psXp2exY2hnpBs+ROr49lSxxeLK+jJhRjEE0=
			</data>
		</dict>
		<key>Resources/PrivacyInfo.xcprivacy</key>
		<dict>
			<key>hash2</key>
			<data>
			ClE6k5FrFY6qOvcxHoTqxDYErFKmUwr7MxhKd4BcCXA=
			</data>
		</dict>
	</dict>
	<key>rules</key>
	<dict>
		<key>^Resources/</key>
		<true/>
		<key>^Resources/.*\.lproj/</key>
		<dict>
			<key>optional</key>
			<true/>
			<key>weight</key>
			<real>1000</real>
		</dict>
		<key>^Resources/.*\.lproj/locversion.plist$</key>
		<dict>
			<key>omit</key>
			<true/>
			<key>weight</key>
			<real>1100</real>
		</dict>
		<key>^Resources/Base\.lproj/</key>
		<dict>
			<key>weight</key>
			<real>1010</real>
		</dict>
		<key>^version.plist$</key>
		<true/>
	</dict>
	<key>rules2</key>
	<dict>
		<key>.*\.dSYM($|/)</key>
		<dict>
			<key>weight</key>
			<real>11</real>
		</dict>
		<key>^(.*/)?\.DS_Store$</key>
		<dict>
			<key>omit</key>
			<true/>
			<key>weight</key>
			<real>2000</real>
		</dict>
		<key>^(Frameworks|SharedFrameworks|PlugIns|Plug-ins|XPCServices|Helpers|MacOS|Library/(Automator|Spotlight|LoginItems))/</key>
		<dict>
			<key>nested</key>
			<true/>
			<key>weight</key>
			<real>10</real>
		</dict>
		<key>^.*</key>
		<true/>
		<key>^Info\.plist$</key>
		<dict>
			<key>omit</key>
			<true/>
			<key>weight</key>
			<real>20</real>
		</dict>
		<key>^PkgInfo$</key>
		<dict>
			<key>omit</key>
			<true/>
			<key>weight</key>
			<real>20</real>
		</dict>
		<key>^Resources/</key>
		<dict>
			<key>weight</key>
			<real>20</real>
		</dict>
		<key>^Resources/.*\.lproj/</key>
		<dict>
			<key>optional</key>
			<true/>
			<key>weight</key>
			<real>1000</real>
		</dict>
		<key>^Resources/.*\.lproj/locversion.plist$</key>
		<dict>
			<key>omit</key>
			<true/>
			<key>weight</key>
			<real>1100</real>
		</dict>
		<key>^Resources/Base\.lproj/</key>
		<dict>
			<key>weight</key>
			<real>1010</real>
		</dict>
		<key>^[^/]+$</key>
		<dict>
			<key>nested</key>
			<true/>
			<key>weight</key>
			<real>10</real>
		</dict>
		<key>^embedded\.provisionprofile$</key>
		<dict>
			<key>weight</key>
			<real>20</real>
		</dict>
		<key>^version\.plist$</key>
		<dict>
			<key>weight</key>
			<real>20</real>
		</dict>
	</dict>
</dict>
</plist>
